id,evidence,reference_or_retained_area,senryo_target,classification,source_owners,dependency_or_evidence_gap,failure_recovery_acceptance,slice,status
U01,U01-S01–S10,Sell holding; keypad; slide; sky result,Instrument/position detail and reviewed close/sell,Adapted,features/trade; positions; tokens; chain/journal,ZIP title says Bitcoin but depicted USDT sell; actual asset/execution support,Quote expiry; change; cancel; pending/failed/unknown; real finality,4A/4B,Planned; research only; implementation/runtime acceptance pending
U02,U02-S01–S07,Apple Pay funding,Actual native provider add-funds journey,Adapted; provider-dependent,features/money/ramp.ts; fund; provider adapters,Supported region/payment/asset; no delivered success in reference,Provider cancel/return; processing is not delivered; refresh real balance,3,Planned; research only; implementation/runtime acceptance pending
U03,U03-S01–S05,Club members Add/Member/Remove,Real club profile/member controls,Adapted; service-dependent,social; new club API/query/permissions,Persistent memberships; roles; search; privacy/moderation,Pending/rollback; denied role; repeated taps; removed member; Back,6,Planned; research only; implementation/runtime acceptance pending
U04,U04-S01–S05,Conceal balance and choose illustration,Display Balance sheet and owned privacy art,Exact visual target; adapted data,home; portfolio; lib/hide-balances.ts,Owned concealment art; persist/migrate existing boolean,No reveal on restore; masks card/header/screen reader/share preview,1,Source implemented; native guest sheet toggle/owned-art/AX and relaunch persistence verified; authenticated Home and whole-product privacy sweep pending
U05,U05-S01–S03,Trade share card and Copy,Owned position-card renderer/permalink,Adapted; payload-dependent,social/share-links.ts; profile; positions; renderer,Source copy payload unknown; stable permitted public trade destination,Copy/share cancellation; private position filtering; cold deep link,5,Planned; research only; implementation/runtime acceptance pending
U06,U06-S01–S05,Export warning and acknowledgement,Protected Senryo recovery phrase journey,Adapted for security/account,app/account/recovery.tsx; account/step-up/secure store,Different key model; supplied secret/auth not visible,Fresh passkey; background/timeout hide; blocked screenshot; no clipboard,2,Planned; research only; implementation/runtime acceptance pending
U07,U07-S01–S03,Club leaderboard category/period filters,True club rankings; preserve current trader rankings,Adapted; service-dependent,social ranking; new club scoring/API/query,Club scoring; legitimate categories; real period calculations,Loading/empty/error; filter restore; private/excluded members,5/6,Planned; research only; implementation/runtime acceptance pending
U08,U08-S01–S02,Followed/Other Users groups,Existing follow/search row hierarchy,Exact visual target; adapted service,social; API follows; authenticated query,Cross-device visibility/mutation acceptance,Optimistic pending/rollback; duplicates; query/keyboard/focus retained,5,Planned; research only; implementation/runtime acceptance pending
U09,U09-S01–S02,Club-scoped user search,Contextual club member search,Adapted; service-dependent,search/social; club API/permissions,Real account search and role-bound membership,Empty/no result/error; keyboard Back; pending Add,6,Planned; research only; implementation/runtime acceptance pending
U10,U10-S01–S05,Grouped global search,Pairs/predictions/users/clubs search,Adapted,features/search; markets/predictions/social API,Unified typed identifiers; club index once service real,Keyboard/dismiss; zero vs failure; filter/query restoration; deep links,4A/5/6,Planned; research only; implementation/runtime acceptance pending
U11,U11-S01–S08,Textured Send; amount/source/recipient,Complete genuine Send journey,Adapted; missing source latter half,features/send; money; account; chain/journal,Owned texture; supported rails; source stops at no results,Insufficient funds; address/network; reviewed fee; cancel/retry; finality/unknown,3,Planned; research only; implementation/runtime acceptance pending
U12,U12-S01–S04,Club invitation PNG native share,Owned club invitation image/link,Adapted; service-dependent,social; new clubs/invites; renderer/deep links,Invite roles/token/lifetime; valid joining route; owned artwork,Share compose is not sent/joined; expiry/revoke; cold install/return,6,Planned; research only; implementation/runtime acceptance pending
U13,U13-S01–S03,Sky financial profile URL share,Public profile and native URL share,Exact visual target; adapted privacy,profile/watch; social/share-links.ts; API privacy,Owned sky art; permitted financial fields,Own/public fetch and privacy; profile edit validation/save/draft; share prepare/fail/cancel; same destination; no sent success,5,Planned; research only; implementation/runtime acceptance pending
U14,U14-S01–S19; forms-and-states.md,Welcome/auth/handle/terms/Face ID over Home,Passkey first run; complete username form; contextual biometric primer,Adapted; native ceremony preserved,auth/setup/progress; lib/biometrics.ts; account; app.config.ts,Font/art; setup migration; real username claim; actual phone verification,All19 onboarding states; username checking/taken/held/save race; guest/restore/return; native cancel/denied/lockout/background; prompt serialization,1/2,Partial source: contextual Face ID and versioned new/legacy setup migration verified; signed simulator reaches iOS passkey prompt; authenticated/device and full onboarding/username acceptance pending
U15,U15-S01–S04,QR receive and return,Actual Monad asset/network QR receive,Adapted,fund/ReceiveCard; money; chain/query,Source Solana USDC not Senryo rail; arrival proof,Address/QR loading; exact copy/share network; account-change reset; real arrival attribution/dedupe; no false deposit success,3,Planned; research only; implementation/runtime acceptance pending
U16,U16-S01–S04,Position thesis composer and update,Real owned-position thesis/draft/edit,Adapted; edit-dependent,social/ComposeThesis; API posts; position ownership,Source 200 chars vs actual 280; verify/create edit API,Failed draft preserved; attachment/visibility; keyboard/Back; duplicate post,5,Planned; research only; implementation/runtime acceptance pending
X01,All native references,Colors/background/type/material,Shared kit/shell and every modal/error/empty state,Exact visual target; contrast/font adaptations,packages/tokens; mobile/theme; kit/sheet/shell; app.config.ts,Native font license; owned sky/texture; no native dark source,Light/dark pref; splash flash; nested surfaces; large text; reduced effects,1–8,Partial source: native palette/type/buttons/edge sheets; final iOS Release builds and iOS/Android exports passed; light guest/privacy visually inspected; remaining journey/device polish pending
X02,U14-S19; U10; U07,Dock/context/search,Money/Trade/Social proposal; all routes retained,Adapted; navigation review,shell/constants/Dock; router; deep links,Review context mapping; preserve five logical stacks,Origin/scroll/draft/Back; guest; deferred link; keyboard safe area,1,Source implemented; Money/Trade/Social and Predict/Profile context observed on simulator; all five stacks retained; deep route/Back/keyboard acceptance pending
X03,project-status.md; existing flow book,Actual account balances,Wallet/margin/pool/card accounting and stale states,Retained; restyled,home/portfolio; query/chain; core risk,Source coherence; snapshot/price freshness; partial valuations,Known zero vs unknown; no capacity double count; account/network change,1/3/4A/7,Planned; research only; implementation/runtime acceptance pending
X04,tradash.md; engine source,Live pairs chart and focused workspace,Existing socket plus native live chart,Adapted; freshness gate,query/socket/price-store/markets; markets/MarketChart; keeper/oracle,Observed old source time; actual candle/tick source cadence,Time-based samples; 60/120Hz; stale clock; reconnect; closed session,0/4A,Planned; research only; implementation/runtime acceptance pending
X05,tradash.md; predictions schema,Live prediction workspace,Outcome stream plus distinct underlying/resolution chart,Adapted; provider-data dependency,query/predictions; API predictions; native Skia; provider adapter,Current protocol/outcome IDs and resolution data; currently20s polling,Snapshot/deltas; malformed/duplicate/out-of-order; gaps; explicit round rollover,4A,Planned; research only; implementation/runtime acceptance pending
X06,Native prediction execution amendment; tradash.md,Prediction execution,Native BTC/ETH binary quotes/orders/positions/exit/settlement/claims; MON-backed Monad testnet fallback; distinct numeric contests retained,New retained capability; native provider or owned contract,account/chain/journal; prediction adapters/API/query; original prediction contract/oracle/liquidity if selected,Native venue compatibility or original fully specified contract; exact resolution oracle; collateral/liquidity; separate Mainnet deployment,No required website handoff; real quote/liquidity/fees; partial/cancel/reject/unknown; stale oracle/tie/refund; settlement/claim receipt; verified testnet lifecycle,4B,Planned; research only; implementation/runtime acceptance pending
X07,tradash.md; feedback source,Sound/haptics/live reactions,Owned cues; confirmed events; optional live reactions/music,Adapted,feedback/fire/sound/haptics; preferences; operation events,Owned cue variants and event dedupe; physical listening,Silent/headphones/interruptions; stale/reconnect silence; cooldown; persistent mute,4A/7,Planned; research only; implementation/runtime acceptance pending
X08,Existing account/setup/security source,Sign-in/restore/session,Real passkey account and security policies,Retained; restyled,packages/account; auth/setup/account; storage,Physical install/restore/recovery acceptance,Cancel/relaunch/enrollment change; foreground; app switcher cover,2,Planned; research only; implementation/runtime acceptance pending
X09,UGLY presentation; own card artwork,Kinpaku full lifecycle,New hierarchy around actual sandbox card/debt/allowance,Adapted; production issuer gated,features/card; services/card; Lithic; core/card,Full device acceptance; production issuer/spend/Wallet approval,Issue/retry/deny; bounded allowance; freeze/unfreeze/reveal; no overlapping terminal error,7,Planned; research only; implementation/runtime acceptance pending
X10,U01/U11 hierarchy; existing money contract,Swap/bridge/cash-out,Executable quote and durable delivery/refund,Retained; restyled,swap/withdraw/money; API anyasset; provider adapters,Region/key/routes/agreements; funded acceptance,Expiry/slippage/fee; interrupted approvals; partial route; refund/unknown,3,Planned; research only; implementation/runtime acceptance pending
X11,Existing transaction acceptance; UGLY kit,Activity/details/receipts,Facts drawer then owned PDF/native share,Retained; restyled,activity; TransactionSheet; receipt renderers; indexer/journal,Physical save/share acceptance,Real status/source; missing data; receipt regeneration; share canceled,3/7,Planned; research only; implementation/runtime acceptance pending
X12,Existing pool work register,Pool,Real overview/deposit/redeem/request/claim,Retained; restyled,features/lp; LP vault; chain/query; indexer/keeper,Full Practice lifecycle then Mainnet funding/config,Escrow/value/delay; gas/approval; interruption; correct claim,7,Planned; research only; implementation/runtime acceptance pending
X13,Existing Perpl/spot work register,Perpl and spot,Real discovery to executable trade/swap,Retained; provider-dependent,features/perpl/tokens; shared adapters; provider enrollment,Enrollment/builder/region/funding; token liquidity and terms,Quote vs display; minimum/tick/slippage; pending/reject/recover,3/4B,Planned; research only; implementation/runtime acceptance pending
X14,U07/U08/U13/U16; existing Social,Social/feed/moderation/privacy,"Authentic identities, public facts and owner controls",Retained; restyled,social/profile/watch; API social/private routes,Cross-device and cross-network acceptance,Block/mute/delete/private visibility; empty vs failed; relationship rollback,5,Planned; research only; implementation/runtime acceptance pending
X15,Existing notification work register,Inbox/push/alerts/momentum,New visual kit plus actual opt-in delivery,Retained; delivery/new trigger gates,notifications; keeper; API/outbox; push registration,Physical APNs/FCM; momentum sources/threshold/cooldown,Dedup/age/privacy; opt-out; tap correct mode; background/killed app,7,Planned; research only; implementation/runtime acceptance pending
X16,U03/U07; retained programme register,Rewards/referral/clans/competitions,Real programme services in new system,Retained; service-dependent,programme owners; new club/scoring modules,Funding/eligibility/anti-abuse/scoring/moderation/settlement,No fabricated benefits; expiry/claim/error/dispute; member privacy,6/7,Planned; research only; implementation/runtime acceptance pending
X17,Existing content work register,News/chat/X link,Actual provider/moderated content and secure linking,Retained; service-dependent,content/OAuth/API/mobile owners,Provider and moderation/privacy contracts,Unavailable sources; revoke/unlink; secure callbacks; blocked content,7,Planned; research only; implementation/runtime acceptance pending
X18,Existing settings/help/status,Settings/legal/help/status/deletion,Complete light kit and protected account controls,Retained; restyled,account/settings/legal; services data lifecycle/config,Legal version review; actual deletion/recovery acceptance,Complete form/loading/error/keyboard states; large text; prompt serialization; cancel/retry; retained-data clarity,2/7,Planned; research only; implementation/runtime acceptance pending
X19,No native UGLY dark source; accessibility contract,Accessibility/platform/performance,Accessible native adaptation across all routes,Retained; device gate,theme/kit; native config; platform route owners,Physical VoiceOver/TalkBack; Android Back; measured sustained chart performance,Focus/order/large text/contrast; reduced motion/transparency; 60/120Hz; memory,1–8,Planned; research only; implementation/runtime acceptance pending
X20,Existing platform work register,Widgets/Live Activities,Owned platform surfaces with real permitted data,Retained; implementation-dependent,platform/native/account/query owners,Native modules/entitlements/privacy/update lifecycle,Locked-device concealment; stale/end states; deep-link mode; battery,7/8,Planned; research only; implementation/runtime acceptance pending
X21,Existing Mainnet register; current config,Mainnet readiness,Actual assured/deployed/configured/funded product,Retained; dependency-bound,contracts/keeper/indexer/API/config; operators,Funding/owners/Safe; assurance/deploy/seeding/config; real phone lifecycle,Practice first; no visual-only capability enabling; halt/recovery/rollback,4B/8,Planned; research only; implementation/runtime acceptance pending
X22,Existing web product; UGLY visuals,Browser companion and public site,Companion parity; mobile-first real app media,Retained; mobile follows first,apps/web; shared packages/tokens; product docs,New actual app captures; independent web transaction/social acceptance,Shared token consumer audit; responsive keyboard/errors; truthful links/claims,8,Planned; research only; implementation/runtime acceptance pending
X23,Existing release/submission/operations register,Distribution/docs/operations,Verified builds/install/update/rollback and accurate documentation,Retained; remote/device gate,EAS/native stores; deployment; docs/stats/judge guide,Current beta/channel verification; native build impact; device install,No historical build as current proof; no production claims; recovery/rollback,8,Planned; research only; implementation/runtime acceptance pending
