entry,existing_direct_owners,slice,revamp_family,exists_at_review,status
apps/mobile/src/app/(sheets)/account-required.tsx,`@senryo/identity/native` · `~/features/auth/AuthFlowSheet` · `~/features/auth/useAuthFlow` · `~/features/setup/progress`,2/7,Account/setup/security/settings,True,Retained; route mapped; not a new runtime acceptance
apps/mobile/src/app/(sheets)/add-money.tsx,`@senryo/chain` · `@senryo/config` · `@senryo/identity` · `~/features/fund/CardPanel` · `~/features/fund/ChainPanel` · `~/features/fund/PracticePanel` · `~/features/fund/SheetPanel` · `~/features/markets/LeverageBadge`,3/7,Money/activity/receipts,True,Retained; route mapped; not a new runtime acceptance
apps/mobile/src/app/(sheets)/balance-details.tsx,`~/features/portfolio/BalanceDetails`,1,Money Home/balance,True,Retained; route mapped; not a new runtime acceptance
apps/mobile/src/app/(sheets)/card-payment.tsx,`~/features/card/PaymentDetail` · `~/features/markets/QuietLine`,7,Kinpaku,True,Retained; route mapped; not a new runtime acceptance
apps/mobile/src/app/(sheets)/card-reveal.tsx,`~/features/card/CardFace` · `~/features/card/useCardService` · `~/features/card/useCardSummary`,7,Kinpaku,True,Retained; route mapped; not a new runtime acceptance
apps/mobile/src/app/(sheets)/compose-thesis.tsx,`@senryo/query` · `~/features/social/ComposeThesis` · `~/features/social/useSocialAccount`,5/6,People/profile/thesis/clubs,True,Retained; route mapped; not a new runtime acceptance
apps/mobile/src/app/(sheets)/eligibility.tsx,`~/features/legal/eligibility` · `~/features/setup/InfoTip`,2/7,Account/setup/security/settings,True,Retained; route mapped; not a new runtime acceptance
apps/mobile/src/app/(sheets)/leaderboard-info.tsx,`~/features/social/LeaderboardInfo` · `~/features/social/leaderboard-copy`,5/6,People/profile/thesis/clubs,True,Retained; route mapped; not a new runtime acceptance
apps/mobile/src/app/(sheets)/network.tsx,`@senryo/config` · `~/features/network/NetworkPicker`,1/2/7,Shared shell/account/remaining surface,True,Retained; route mapped; not a new runtime acceptance
apps/mobile/src/app/(sheets)/receipt.tsx,`@senryo/query` · `~/features/activity/useIndexedReceipt` · `~/features/activity/feed-format` · `~/features/activity/Receipt` · `~/features/portfolio/QuietLine`,3/7,Money/activity/receipts,True,Retained; route mapped; not a new runtime acceptance
apps/mobile/src/app/(sheets)/receive.tsx,`~/features/fund/ReceiveCard`,3/7,Money/activity/receipts,True,Retained; route mapped; not a new runtime acceptance
apps/mobile/src/app/(sheets)/risk-explainer.tsx,Entry/redirect/shared controls; owning route source,1/2/7,Shared shell/account/remaining surface,True,Retained; route mapped; not a new runtime acceptance
apps/mobile/src/app/(sheets)/session.tsx,`~/features/auth/AuthFlowSheet` · `~/features/auth/SessionPanel` · `~/features/auth/SwitchConfirm` · `~/features/auth/useAuthFlow` · `~/features/profile/SignOutConfirm`,2/7,Account/setup/security/settings,True,Retained; route mapped; not a new runtime acceptance
apps/mobile/src/app/(sheets)/social-actions.tsx,`@senryo/account` · `~/features/social/SocialActions`,5/6,People/profile/thesis/clubs,True,Retained; route mapped; not a new runtime acceptance
apps/mobile/src/app/(sheets)/step-up.tsx,`@senryo/account` · `~/features/auth/AuthCard`,2/7,Account/setup/security/settings,True,Retained; route mapped; not a new runtime acceptance
apps/mobile/src/app/(sheets)/terms.tsx,`~/features/legal/AgreeRow` · `~/features/legal/acknowledged` · `~/features/setup/InfoTip` · `~/features/setup/progress`,2/7,Account/setup/security/settings,True,Retained; route mapped; not a new runtime acceptance
apps/mobile/src/app/(sheets)/voucher.tsx,`@senryo/account` · `~/features/setup/SetupField` · `~/features/setup/useVoucher`,2/7,Account/setup/security/settings,True,Retained; route mapped; not a new runtime acceptance
apps/mobile/src/app/(tabs)/card/allowance.tsx,`~/features/card/CardLimit`,7,Kinpaku,True,Retained; route mapped; not a new runtime acceptance
apps/mobile/src/app/(tabs)/card/auth/[id].tsx,`~/features/card/PaymentDetail`,7,Kinpaku,True,Retained; route mapped; not a new runtime acceptance
apps/mobile/src/app/(tabs)/card/get.tsx,`~/features/card/GetCard`,7,Kinpaku,True,Retained; route mapped; not a new runtime acceptance
apps/mobile/src/app/(tabs)/card/index.tsx,`~/features/card/CardTab`,7,Kinpaku,True,Retained; route mapped; not a new runtime acceptance
apps/mobile/src/app/(tabs)/card/intro.tsx,`~/features/card/CardFace` · `~/features/card/CardHero` · `~/features/card/constants`,7,Kinpaku,True,Retained; route mapped; not a new runtime acceptance
apps/mobile/src/app/(tabs)/card/repay.tsx,`~/features/card/RepayCard`,7,Kinpaku,True,Retained; route mapped; not a new runtime acceptance
apps/mobile/src/app/(tabs)/card/wallet.tsx,`~/features/card/WalletRow`,7,Kinpaku,True,Retained; route mapped; not a new runtime acceptance
apps/mobile/src/app/(tabs)/home/index.tsx,`~/features/auth/AccountStrip` · `~/features/home/GuestHome` · `~/features/home/HomeGroups` · `~/features/home/HomeHeader` · `~/features/home/TopTrades` · `~/features/notifications/NotificationsBell` · `~/features/portfolio/RiskBanner`,1,Money Home/balance,True,Retained; route mapped; not a new runtime acceptance
apps/mobile/src/app/(tabs)/markets/[market]/alert.tsx,`@senryo/config` · `~/features/markets/AlertEditor` · `~/features/markets/constants`,4A/4B,Trading/Predict/spot,True,Retained; route mapped; not a new runtime acceptance
apps/mobile/src/app/(tabs)/markets/[market]/index.tsx,`~/features/trade/TradeScreen`,4A/4B,Trading/Predict/spot,True,Retained; route mapped; not a new runtime acceptance
apps/mobile/src/app/(tabs)/markets/[market]/ticket.tsx,`~/features/trade/TicketScreen`,4A/4B,Trading/Predict/spot,True,Retained; route mapped; not a new runtime acceptance
apps/mobile/src/app/(tabs)/markets/discover/[id].tsx,`~/features/markets/DiscoveryDetail`,4A/4B,Trading/Predict/spot,True,Retained; route mapped; not a new runtime acceptance
apps/mobile/src/app/(tabs)/markets/index.tsx,`~/features/markets/MarketsScreen`,4A/4B,Trading/Predict/spot,True,Retained; route mapped; not a new runtime acceptance
apps/mobile/src/app/(tabs)/markets/predict/[provider]/[id].tsx,`@senryo/api-client` · `~/features/predictions/PredictionDetail`,4A/4B,Trading/Predict/spot,True,Retained; route mapped; not a new runtime acceptance
apps/mobile/src/app/(tabs)/markets/search.tsx,`~/features/search/SearchScreen`,4A/4B,Trading/Predict/spot,True,Retained; route mapped; not a new runtime acceptance
apps/mobile/src/app/(tabs)/markets/tokens/[token]/index.tsx,`@senryo/config` · `@senryo/query`,4A/4B,Trading/Predict/spot,True,Retained; route mapped; not a new runtime acceptance
apps/mobile/src/app/(tabs)/markets/tokens/[token]/trade.tsx,`~/features/tokens/TokenTicket`,4A/4B,Trading/Predict/spot,True,Retained; route mapped; not a new runtime acceptance
apps/mobile/src/app/(tabs)/social/index.tsx,`@senryo/api-client` · `@senryo/query` · `~/features/social/Feed` · `~/features/social/NewActivity` · `~/features/social/useSocialAccount`,5/6,People/profile/thesis/clubs,True,Retained; route mapped; not a new runtime acceptance
apps/mobile/src/app/(tabs)/social/people.tsx,`~/features/social/People`,5/6,People/profile/thesis/clubs,True,Retained; route mapped; not a new runtime acceptance
apps/mobile/src/app/(tabs)/social/post/[id].tsx,`~/features/social/Thread`,5/6,People/profile/thesis/clubs,True,Retained; route mapped; not a new runtime acceptance
apps/mobile/src/app/(tabs)/social/search.tsx,`~/features/search/SearchScreen`,5/6,People/profile/thesis/clubs,True,Retained; route mapped; not a new runtime acceptance
apps/mobile/src/app/(tabs)/you/index.tsx,`~/features/profile/ProfileHeader` · `~/features/profile/ProfileResult` · `~/features/profile/ProfileTabs` · `~/features/profile/QuietState`,1/2/7,Shared shell/account/remaining surface,True,Retained; route mapped; not a new runtime acceptance
apps/mobile/src/app/+native-intent.tsx,Entry/redirect/shared controls; owning route source,1/2/7,Shared shell/account/remaining surface,True,Retained; route mapped; not a new runtime acceptance
apps/mobile/src/app/+not-found.tsx,Entry/redirect/shared controls; owning route source,1/2/7,Shared shell/account/remaining surface,True,Retained; route mapped; not a new runtime acceptance
apps/mobile/src/app/account/blocked.tsx,`~/features/social/BlockedMuted`,2/7,Account/setup/security/settings,True,Retained; route mapped; not a new runtime acceptance
apps/mobile/src/app/account/delete-data.tsx,`@senryo/account` · `@senryo/api-client` · `@senryo/query` · `~/features/profile/DeleteScope` · `~/features/profile/QuietState`,2/7,Account/setup/security/settings,True,Retained; route mapped; not a new runtime acceptance
apps/mobile/src/app/account/diagnostics.tsx,`~/features/auth/DiagnosticsPanel`,2/7,Account/setup/security/settings,True,Retained; route mapped; not a new runtime acceptance
apps/mobile/src/app/account/follows.tsx,`@senryo/account` · `@senryo/query` · `~/features/profile/PersonRow` · `~/features/profile/QuietState` · `~/features/social/useSocialAccount`,2/7,Account/setup/security/settings,True,Retained; route mapped; not a new runtime acceptance
apps/mobile/src/app/account/help.tsx,`@senryo/api-client` · `@senryo/identity` · `~/features/profile/SectionHeading` · `~/features/setup/InfoTip`,2/7,Account/setup/security/settings,True,Retained; route mapped; not a new runtime acceptance
apps/mobile/src/app/account/identity.tsx,`~/features/auth/IdentityPanel`,2/7,Account/setup/security/settings,True,Retained; route mapped; not a new runtime acceptance
apps/mobile/src/app/account/index.tsx,Entry/redirect/shared controls; owning route source,2/7,Account/setup/security/settings,True,Retained; route mapped; not a new runtime acceptance
apps/mobile/src/app/account/mode.tsx,`~/features/network/NetworkPicker`,2/7,Account/setup/security/settings,True,Retained; route mapped; not a new runtime acceptance
apps/mobile/src/app/account/notifications.tsx,`@senryo/account` · `~/features/profile/QuietState` · `~/features/profile/SectionHeading`,2/7,Account/setup/security/settings,True,Retained; route mapped; not a new runtime acceptance
apps/mobile/src/app/account/preferences.tsx,`~/features/profile/SectionHeading`,2/7,Account/setup/security/settings,True,Retained; route mapped; not a new runtime acceptance
apps/mobile/src/app/account/privacy.tsx,`@senryo/config` · `~/features/legal/LegalPage`,2/7,Account/setup/security/settings,True,Retained; route mapped; not a new runtime acceptance
apps/mobile/src/app/account/profile.tsx,`~/features/profile/ProfileEditor` · `~/features/profile/QuietState` · `~/features/profile/useOwnProfile`,2/7,Account/setup/security/settings,True,Retained; route mapped; not a new runtime acceptance
apps/mobile/src/app/account/recovery.tsx,`@senryo/api-client` · `@senryo/config` · `~/features/auth/PhraseGrid` · `~/features/profile/format` · `~/features/profile/QuietState` · `~/features/profile/SectionHeading` · `~/features/profile/SettingsRow` · `~/features/setup/InfoTip` · `~/features/social/useSocialAccount`,2/7,Account/setup/security/settings,True,Retained; route mapped; not a new runtime acceptance
apps/mobile/src/app/account/security.tsx,`@senryo/account` · `@senryo/core` · `~/features/auth/AuthFlowSheet` · `~/features/auth/SessionPanel` · `~/features/auth/SwitchConfirm` · `~/features/auth/useAuthFlow` · `~/features/profile/QuietState` · `~/features/profile/SectionHeading` · `~/features/setup/InfoTip`,2/7,Account/setup/security/settings,True,Retained; route mapped; not a new runtime acceptance
apps/mobile/src/app/account/settings.tsx,`~/features/profile/SettingsList`,2/7,Account/setup/security/settings,True,Retained; route mapped; not a new runtime acceptance
apps/mobile/src/app/account/sounds.tsx,`~/features/sounds/SoundPicker`,2/7,Account/setup/security/settings,True,Retained; route mapped; not a new runtime acceptance
apps/mobile/src/app/account/terms.tsx,`@senryo/config` · `~/features/legal/LegalPage`,2/7,Account/setup/security/settings,True,Retained; route mapped; not a new runtime acceptance
apps/mobile/src/app/activity.tsx,`@senryo/config` · `@senryo/query` · `~/features/activity/FeedRow` · `~/features/activity/Receipt` · `~/features/activity/useFeed` · `~/features/home/HomeParts` · `~/features/money/useMoneyAssets` · `~/features/portfolio/QuietLine` · `~/features/positions/OrdersLink`,3/7,Money/activity/receipts,True,Retained; route mapped; not a new runtime acceptance
apps/mobile/src/app/alerts.tsx,`~/features/notifications/NotificationsScreen`,7,Notifications/alerts,True,Retained; route mapped; not a new runtime acceptance
apps/mobile/src/app/asset/[chainId]/[address].tsx,`~/features/asset/AssetDetail`,1/2/7,Shared shell/account/remaining surface,True,Retained; route mapped; not a new runtime acceptance
apps/mobile/src/app/fund/bridge.tsx,`~/features/fund/BridgeIn` · `~/features/fund/bridge-assets` · `~/features/portfolio/QuietLine`,3/7,Money/activity/receipts,True,Retained; route mapped; not a new runtime acceptance
apps/mobile/src/app/fund/deposit/[id].tsx,Entry/redirect/shared controls; owning route source,3/7,Money/activity/receipts,True,Retained; route mapped; not a new runtime acceptance
apps/mobile/src/app/fund/index.tsx,Entry/redirect/shared controls; owning route source,3/7,Money/activity/receipts,True,Retained; route mapped; not a new runtime acceptance
apps/mobile/src/app/fund/qr/[family].tsx,Entry/redirect/shared controls; owning route source,3/7,Money/activity/receipts,True,Retained; route mapped; not a new runtime acceptance
apps/mobile/src/app/fund/swap.tsx,`~/features/swap/SwapView`,3/7,Money/activity/receipts,True,Retained; route mapped; not a new runtime acceptance
apps/mobile/src/app/fund/wallet.tsx,Entry/redirect/shared controls; owning route source,3/7,Money/activity/receipts,True,Retained; route mapped; not a new runtime acceptance
apps/mobile/src/app/index.tsx,`~/features/setup/progress`,1/2/7,Shared shell/account/remaining surface,True,Retained; route mapped; not a new runtime acceptance
apps/mobile/src/app/lp.tsx,`~/features/lp/LpScreen` · `~/features/lp/PoolDisclosures` · `~/features/trade/SideBar`,1/2/7,Shared shell/account/remaining surface,True,Retained; route mapped; not a new runtime acceptance
apps/mobile/src/app/notifications.tsx,`~/features/notifications/NotificationsScreen`,7,Notifications/alerts,True,Retained; route mapped; not a new runtime acceptance
apps/mobile/src/app/orders.tsx,`~/features/positions/OrdersScreen`,1/2/7,Shared shell/account/remaining surface,True,Retained; route mapped; not a new runtime acceptance
apps/mobile/src/app/perpl/withdraw.tsx,`~/features/perpl/PerplWithdraw`,4A/4B,Trading/Predict/spot,True,Retained; route mapped; not a new runtime acceptance
apps/mobile/src/app/positions/[id].tsx,`@senryo/config` · `~/features/perpl/market` · `~/features/perpl/PerplPositionDetail` · `~/features/portfolio/QuietLine` · `~/features/positions/PositionDetail`,4A/4B,Trading/Predict/spot,True,Retained; route mapped; not a new runtime acceptance
apps/mobile/src/app/setup/done.tsx,`@senryo/identity/native` · `@senryo/query` · `~/features/setup/SetupScreen` · `~/features/setup/useSetupNav`,2/7,Account/setup/security/settings,True,Retained; route mapped; not a new runtime acceptance
apps/mobile/src/app/setup/face-id.tsx,`@senryo/identity/native` · `~/features/setup/PrimerScreen` · `~/features/setup/useSetupNav`,2/7,Account/setup/security/settings,True,Retained; route mapped; not a new runtime acceptance
apps/mobile/src/app/setup/follow.tsx,`@senryo/account` · `@senryo/query` · `~/features/setup/FollowRow` · `~/features/setup/SetupScreen` · `~/features/setup/useSetupNav`,2/7,Account/setup/security/settings,True,Retained; route mapped; not a new runtime acceptance
apps/mobile/src/app/setup/handle.tsx,`@senryo/api-client` · `@senryo/query` · `~/features/profile/handle-copy` · `~/features/profile/ShowTrades` · `~/features/profile/VisibilitySettings` · `~/features/setup/InfoTip` · `~/features/setup/SetupField` · `~/features/setup/SetupScreen` · `~/features/setup/suggest-handle` · `~/features/setup/useSetupNav`,2/7,Account/setup/security/settings,True,Retained; route mapped; not a new runtime acceptance
apps/mobile/src/app/setup/money.tsx,`@senryo/query` · `~/features/setup/PracticeMoneyCard` · `~/features/setup/SetupScreen` · `~/features/setup/useSetupNav` · `~/features/setup/VoucherField`,2/7,Account/setup/security/settings,True,Retained; route mapped; not a new runtime acceptance
apps/mobile/src/app/setup/notifications.tsx,`@senryo/identity/native` · `~/features/setup/PrimerScreen` · `~/features/setup/useSetupNav`,2/7,Account/setup/security/settings,True,Retained; route mapped; not a new runtime acceptance
apps/mobile/src/app/status.tsx,Entry/redirect/shared controls; owning route source,1/2/7,Shared shell/account/remaining surface,True,Retained; route mapped; not a new runtime acceptance
apps/mobile/src/app/watch/[address]/[list].tsx,`@senryo/account` · `~/features/social/FollowListScreen`,5/6,People/profile/thesis/clubs,True,Retained; route mapped; not a new runtime acceptance
apps/mobile/src/app/watch/[address]/index.tsx,`~/features/social/TraderProfile` · `~/features/social/WatchEntry`,5/6,People/profile/thesis/clubs,True,Retained; route mapped; not a new runtime acceptance
apps/mobile/src/app/watch/[address]/post/[id].tsx,`~/features/social/Thread`,5/6,People/profile/thesis/clubs,True,Retained; route mapped; not a new runtime acceptance
apps/mobile/src/app/welcome.tsx,`~/features/auth/AuthFlowSheet` · `~/features/auth/SwitchConfirm` · `~/features/auth/useAuthFlow` · `~/features/auth/WelcomeActions` · `~/features/onboarding/Story` · `~/features/setup/progress`,2/7,Account/setup/security/settings,True,Retained; route mapped; not a new runtime acceptance
apps/mobile/src/app/withdraw/cash-out.tsx,Entry/redirect/shared controls; owning route source,3/7,Money/activity/receipts,True,Retained; route mapped; not a new runtime acceptance
apps/mobile/src/app/withdraw/index.tsx,`~/features/portfolio/QuietLine` · `~/features/withdraw/DestinationStep` · `~/features/withdraw/WithdrawFlow`,3/7,Money/activity/receipts,True,Retained; route mapped; not a new runtime acceptance
apps/mobile/src/app/withdraw/send.tsx,`~/features/portfolio/QuietLine` · `~/features/send/SendFlow`,3/7,Money/activity/receipts,True,Retained; route mapped; not a new runtime acceptance
apps/web/src/app/(desk)/account/page.tsx,`@/components/settings/settings-screen`,8,Browser companion/public surface,True,Retained; route mapped; not a new runtime acceptance
apps/web/src/app/(desk)/activity/page.tsx,`@/components/activity/activity-screen`,8,Browser companion/public surface,True,Retained; route mapped; not a new runtime acceptance
apps/web/src/app/(desk)/add-money/page.tsx,`@/components/money/add-money-screen`,8,Browser companion/public surface,True,Retained; route mapped; not a new runtime acceptance
apps/web/src/app/(desk)/asset/page.tsx,`@/components/money/asset-screen`,8,Browser companion/public surface,True,Retained; route mapped; not a new runtime acceptance
apps/web/src/app/(desk)/bridge-in/page.tsx,`@/components/bridge/bridge-in-screen`,8,Browser companion/public surface,True,Retained; route mapped; not a new runtime acceptance
apps/web/src/app/(desk)/card/page.tsx,`@/components/card/card-screen`,8,Browser companion/public surface,True,Retained; route mapped; not a new runtime acceptance
apps/web/src/app/(desk)/fund/page.tsx,`@/components/shell/redirect`,8,Browser companion/public surface,True,Retained; route mapped; not a new runtime acceptance
apps/web/src/app/(desk)/home/page.tsx,`@/components/home/home-screen`,8,Browser companion/public surface,True,Retained; route mapped; not a new runtime acceptance
apps/web/src/app/(desk)/markets/page.tsx,`@/components/screens/markets-screen`,8,Browser companion/public surface,True,Retained; route mapped; not a new runtime acceptance
apps/web/src/app/(desk)/notifications/page.tsx,`@/components/notifications/notifications-screen`,8,Browser companion/public surface,True,Retained; route mapped; not a new runtime acceptance
apps/web/src/app/(desk)/pool/page.tsx,`@/components/pool/pool-screen`,8,Browser companion/public surface,True,Retained; route mapped; not a new runtime acceptance
apps/web/src/app/(desk)/portfolio/page.tsx,`@/components/shell/redirect`,8,Browser companion/public surface,True,Retained; route mapped; not a new runtime acceptance
apps/web/src/app/(desk)/position/page.tsx,`@/components/trade/position-screen`,8,Browser companion/public surface,True,Retained; route mapped; not a new runtime acceptance
apps/web/src/app/(desk)/profile/page.tsx,`@/components/social/own-profile`,8,Browser companion/public surface,True,Retained; route mapped; not a new runtime acceptance
apps/web/src/app/(desk)/receive/page.tsx,`@/components/money/receive-screen`,8,Browser companion/public surface,True,Retained; route mapped; not a new runtime acceptance
apps/web/src/app/(desk)/send/page.tsx,`@/components/money/move-flow`,8,Browser companion/public surface,True,Retained; route mapped; not a new runtime acceptance
apps/web/src/app/(desk)/setup/page.tsx,`@/components/setup/setup-screen`,8,Browser companion/public surface,True,Retained; route mapped; not a new runtime acceptance
apps/web/src/app/(desk)/social/page.tsx,`@/components/social/social-screen`,8,Browser companion/public surface,True,Retained; route mapped; not a new runtime acceptance
apps/web/src/app/(desk)/swap/page.tsx,`@/components/swap/swap-screen`,8,Browser companion/public surface,True,Retained; route mapped; not a new runtime acceptance
apps/web/src/app/(desk)/trade/[market]/page.tsx,`@senryo/config` · `@/components/screens/trade/trade-screen`,8,Browser companion/public surface,True,Retained; route mapped; not a new runtime acceptance
apps/web/src/app/(desk)/watch/page.tsx,`@/components/screens/watch-screen` · `@/components/shell/column` · `@/components/ui/skeleton`,8,Browser companion/public surface,True,Retained; route mapped; not a new runtime acceptance
apps/web/src/app/(desk)/withdraw/page.tsx,`@/components/money/move-flow`,8,Browser companion/public surface,True,Retained; route mapped; not a new runtime acceptance
apps/web/src/app/judges/page.tsx,`@senryo/config` · `@/components/public/markdown` · `@/components/public/public-header`,8,Browser companion/public surface,True,Retained; route mapped; not a new runtime acceptance
apps/web/src/app/page.tsx,`@/components/auth/welcome-actions` · `@/components/public/landing-menu`,8,Browser companion/public surface,True,Retained; route mapped; not a new runtime acceptance
apps/web/src/app/privacy/page.tsx,`@senryo/config` · `@/components/legal/legal-document`,8,Browser companion/public surface,True,Retained; route mapped; not a new runtime acceptance
apps/web/src/app/stats/page.tsx,`@/components/public/public-header` · `@/components/stats/stats-screen` · `@/components/ui/skeleton`,8,Browser companion/public surface,True,Retained; route mapped; not a new runtime acceptance
apps/web/src/app/terms/page.tsx,`@senryo/config` · `@/components/legal/legal-document`,8,Browser companion/public surface,True,Retained; route mapped; not a new runtime acceptance
